City,Actual_Temperature,Predicted_Temperature
Alexandria,28.5,25.363381024375315
Minya,18.8,19.37386196539694
Cairo,31.5,29.01908536208788
Giza,31.1,28.425651370011792
Alexandria,25.9,23.066449071063516
Minya,32.7,29.631943139024997
Minya,35.3,28.923184340770547
Luxor,36.0,33.78100607324416
Luxor,30.4,27.449508657352396
Minya,28.3,26.357000410921557
Cairo,25.5,24.402628639018815
Alexandria,15.6,14.31635527682488
Minya,34.8,29.109646745585337
Luxor,27.6,26.00787934925961
Giza,28.6,27.203796391973924
Luxor,34.1,32.47660359585251
Aswan,31.6,30.74314927600534
Alexandria,26.9,25.65645920558137
Cairo,32.2,29.38684086668377
Giza,23.6,21.053550200523773
Minya,31.3,27.092250804337425
Aswan,24.598063623789766,22.569805481017568
Aswan,21.7,25.851358297035006
Aswan,15.8,26.79326320149619
Aswan,18.6,26.672905529888624
Alexandria,20.2,17.647864778131066
Giza,30.4,27.949119276065403
Minya,19.5,27.59947909434328
Giza,19.7,18.688024749057263
Alexandria,24.598063623789766,24.89676549115069
Aswan,24.598063623789766,25.48101231578005
Luxor,34.2,28.12030316874575
Cairo,19.9,22.987842207760195
Giza,25.8,24.579997128597938
Alexandria,24.3,24.490653072872703
Cairo,32.1,25.923418526649755
Luxor,30.6,31.569508285563245
Cairo,26.3,20.13020128526739
Minya,25.1,25.995088035144818
Cairo,33.7,28.999434163985654
Alexandria,25.8,27.83241354160117
Aswan,34.6,32.857770705392284
Alexandria,23.3,18.659953663916326
Alexandria,14.2,14.37400597367548
Minya,18.5,19.01037355546032
Minya,24.9,27.07723291258725
Alexandria,25.5,25.88160708094182
Giza,16.7,15.258476863750616
Alexandria,27.4,25.26412260461143
Cairo,19.9,21.137949851730582
Aswan,30.3,32.04750493200527
Giza,31.9,26.694341040077404
Minya,29.6,29.975890271866547
Giza,30.8,29.79744077371248
Alexandria,19.3,22.064166966962944
Cairo,31.9,32.07887813023228
Cairo,31.1,30.45096447722858
Luxor,29.9,26.805382258676502
Aswan,19.8,25.1975410666671
Giza,18.6,17.241416823726354
Aswan,25.4,28.298324655499243
Giza,19.1,20.637434698119307
Luxor,15.8,23.924116855994555
Giza,24.598063623789766,31.0414019828562
Alexandria,19.6,16.53278095165865
Minya,13.4,14.777017321820551
Minya,26.6,26.109257273838125
Minya,27.3,25.95281923959061
Minya,14.4,22.697080687450978
Cairo,24.598063623789766,23.2612444732203
Cairo,30.6,30.020579892213163
Luxor,16.3,25.61210969456033
Alexandria,14.8,16.35937926365341
Cairo,33.2,27.099493755617516
Aswan,34.7,34.09170609418277
Minya,33.5,29.17620328152219
Alexandria,16.8,14.843556149529888
Minya,29.1,28.808549164581336
Minya,22.9,23.087689007922336
Cairo,30.3,28.49307185081028
Minya,31.6,29.04516382019216
Alexandria,25.5,28.219243545606673
Luxor,35.6,32.787776325561424
Luxor,30.6,31.07416766730165
Luxor,18.2,23.982308208451173
Aswan,33.3,33.397835211842676
Cairo,28.9,25.426525510863087
Alexandria,13.3,14.914064671508982
Cairo,14.5,21.185758612317443
Minya,31.6,30.78333262103382
Alexandria,18.3,23.156231256761657
Minya,32.0,29.842012840333894
Giza,24.6,19.705351034976786
Alexandria,28.3,22.70519071927805
Cairo,24.7,26.424889385049823
Aswan,37.5,32.1520813931607
Alexandria,25.5,26.851700595346642
Minya,29.5,29.454076606739477
Alexandria,24.4,18.22178510648314
Aswan,17.6,22.753132051882687
Aswan,28.3,28.011409892456584
Luxor,35.7,34.187075491994676
Minya,15.4,20.67873778729256
Giza,27.5,22.27801823284028
Giza,14.4,13.438678898179774
Luxor,37.4,33.08879187080453
Alexandria,17.4,19.52311719994259
Luxor,14.0,21.555468481286084
Aswan,30.6,30.700032961156353
Giza,31.1,29.571982055658168
Alexandria,17.1,20.180098545437716
Minya,17.2,19.34854786255039
Aswan,36.5,34.70420893028563
Minya,20.7,23.424521646797416
Giza,29.2,26.858005314683
Minya,33.3,31.250368343602076
Cairo,22.8,18.137274445781713
Luxor,20.0,22.19698338632645
Giza,31.0,27.520254976438707
Alexandria,26.0,24.07400094449764
Luxor,25.9,27.552991610546144
Giza,26.3,26.00924618269886
Minya,24.6,26.02568180503306
Minya,24.598063623789766,27.896319663564668
Minya,24.598063623789766,20.230715739787342
Luxor,26.8,24.498728773266635
Minya,30.6,28.10973178009607
Minya,24.598063623789766,23.37806482045147
Alexandria,25.2,26.551154788302142
Cairo,23.4,23.711248689055594
Minya,35.9,30.52634708474966
Alexandria,27.3,27.5512146742945
Aswan,30.1,30.753333782541517
Alexandria,18.3,14.028446977528631
Luxor,31.3,28.25842348384657
Luxor,34.2,31.072738533314975
Alexandria,21.3,17.32195680784963
Luxor,18.7,23.594882488634084
Giza,31.3,28.334106554120183
Alexandria,11.8,13.333975423274865
Luxor,34.2,32.812387784109376
Cairo,33.2,27.002319478220045
Cairo,26.8,26.881627987364425
Luxor,19.4,23.175015332026817
Aswan,21.2,26.61357306160852
Minya,34.1,30.26097561432681
Aswan,26.6,29.862619142777987
Cairo,30.1,29.908280721303584
Luxor,34.2,32.82639842318895
Giza,25.1,19.58575731968699
Minya,32.4,31.82488222201124
Minya,15.2,16.854259386181923
Luxor,37.0,34.67666635716097
Aswan,33.2,33.82414789224589
Luxor,34.9,30.264173696492946
Alexandria,28.3,23.426173494386774
Giza,33.5,28.025899927161163
Cairo,25.8,26.12105528660635
Cairo,16.1,24.037859240547505
Minya,27.4,24.326534546353457
Minya,31.1,29.219469408706573
Aswan,29.4,28.810115303348766
Minya,22.0,22.979670986331996
Minya,30.5,28.598845638366527
Aswan,37.1,32.46801117358177
Luxor,19.8,27.43950493424586
Giza,18.8,19.463770608179345
Cairo,29.0,26.393961716868773
Giza,14.6,16.261001277798243
Alexandria,26.0,23.92435144243592
Alexandria,23.7,19.889659652756734
Aswan,27.9,32.796188607038346
Aswan,32.8,33.16279585281876
Alexandria,15.4,14.48776605413775
Cairo,17.0,19.575793035142112
Giza,15.0,12.549656069806247
Cairo,19.3,20.996926258095755
Giza,31.3,28.984861484397754
Giza,20.2,22.077369300541307
Cairo,25.2,11.659317526149039
Cairo,24.598063623789766,19.060574316452403
Alexandria,27.3,25.712965584805943
Giza,16.3,20.508058969117258
Aswan,32.0,32.03588115740672
Aswan,17.5,26.543626720916507
Giza,18.5,17.162302078847517
Cairo,26.2,23.33412370855109
Giza,31.8,27.469850872525512
Aswan,35.6,34.006423308286
Alexandria,16.6,25.04572270763117
Minya,23.6,25.038927467284452
Luxor,24.1,25.74917411134726
Luxor,27.1,24.05186675095183
Giza,13.8,16.515990652769517
Minya,30.7,30.470938399396346
Giza,21.7,19.53480045711666
Luxor,26.8,27.391815323400294
Alexandria,19.1,20.94022624883752
Cairo,22.2,24.981682229908472
Cairo,32.2,30.81621256269733
Minya,21.8,21.329109185760444
Aswan,35.9,33.235877096136164
Cairo,25.3,19.412935006217424
Cairo,25.2,22.24951307916683
Aswan,31.7,32.070771044581704
Minya,17.0,21.528385228472757
Giza,25.1,22.43663308064646
Cairo,22.3,19.745069771980525
Giza,30.5,25.400489171855327
Cairo,13.0,15.62815987064829
Cairo,25.9,19.457696534032266
Minya,13.2,18.821009358604215
Alexandria,16.9,16.510631071970806
Giza,28.3,21.693915799299475
Cairo,30.5,29.762972811629083
Alexandria,21.5,24.32941417293671
Luxor,32.8,29.563767929679614
Aswan,35.4,33.94649590666779
Luxor,36.3,33.868646068977796
Luxor,21.4,24.740996589702547
Cairo,18.0,18.76928985024466
Giza,31.4,29.379368057352963
Aswan,10.4,21.38721675580922
Luxor,33.7,32.9859285235089
Alexandria,26.4,23.982147572322106
Cairo,20.7,20.646389093785615
Luxor,27.6,27.04071787555762
Cairo,25.8,20.54071533304966
Luxor,17.6,22.713992520564943
Alexandria,16.2,19.29920411948092
Cairo,15.0,16.96561354764532
Aswan,31.9,30.206860162931378
Alexandria,17.3,21.333795163937964
Giza,30.6,28.556432379455373
Minya,35.4,32.36164174744238
Minya,24.598063623789766,29.26945388892608
Minya,24.4,26.255110591365167
Minya,29.3,27.278075540600923
Luxor,28.1,27.835903818355234
Alexandria,15.8,19.9976804675876
Minya,32.6,29.388004651803953
Giza,30.0,27.137054006540552
Giza,25.6,25.83336276099726
Alexandria,24.598063623789766,22.228582977912595
Alexandria,15.9,14.559612027819128
Aswan,34.2,32.998847921845424
Cairo,24.598063623789766,21.603997161017105
Giza,21.2,21.19544964453968
Aswan,33.1,34.13544247395805
Giza,17.7,20.04321015471794
Giza,35.0,33.49655360119078
Luxor,28.9,26.340118131465772
Cairo,32.5,31.34051323940446
Aswan,33.7,31.083011361405283
Cairo,23.9,20.935241944791926
Cairo,32.7,21.258814050246997
Cairo,29.2,25.444091851984354
Cairo,31.0,23.522499643435083
Aswan,25.5,26.906564475156472
Cairo,12.6,19.35618575201994
Alexandria,28.6,23.836888297733367
Luxor,35.8,33.13745487752061
Luxor,15.6,21.224192311398554
Aswan,37.3,34.145656147606076
Luxor,31.2,31.284548903287998
Luxor,24.598063623789766,22.156584399735948
Luxor,34.2,33.074419071534464
Cairo,24.6,18.820951261043092
Aswan,19.4,25.689972246130367
Giza,27.0,26.99791675347609
Giza,18.3,14.99758449120327
Luxor,33.0,32.483203910544944
Alexandria,27.9,26.520669012937674
Giza,10.2,16.397771281667588
Minya,19.7,21.71826261862026
Cairo,28.9,23.816413484658767
Giza,26.5,20.369329067776505
Giza,10.2,10.556876509179347
Alexandria,17.9,14.22221707362246
Alexandria,22.3,17.490803759310552
Aswan,20.3,26.113740981466435
Giza,32.7,30.428156941808595
Alexandria,29.4,27.040193037557913
Minya,33.2,29.34261395375495
Giza,12.3,15.578333432250304
Luxor,13.9,22.58682188251106
Luxor,36.9,31.826159869509127
Luxor,33.6,32.254151267143016
Giza,32.7,22.206473411955074
Alexandria,14.4,10.93071166383703
Aswan,16.3,27.32451680336129
Luxor,35.8,32.65531513339988
Minya,29.5,27.062499134371592
Minya,17.8,18.011681614054226
Cairo,30.2,29.303292264442405
Cairo,27.4,27.910414788739445
Minya,16.6,21.588071175772313
Minya,24.6,22.513222979106445
Luxor,37.6,33.16545310058319
Luxor,25.9,31.021251195745606
Aswan,15.5,22.832554280754664
Minya,17.4,19.10306444794918
Luxor,37.7,31.584703397865383
Aswan,37.3,33.61920308532433
Luxor,35.1,31.71283309293881
Giza,21.1,23.689760464898768
Cairo,31.7,29.629135232183444
Luxor,34.3,34.143340680979804
Cairo,32.7,29.562994846002994
Alexandria,19.6,20.051008594192524
Giza,30.2,27.163781604668202
Giza,29.0,23.472621469866056
Minya,17.0,19.97842487634375
Cairo,31.5,30.168206819213253
Cairo,16.4,17.373066364048498
Minya,19.0,22.793665299074632
Giza,19.4,24.201300541164585
Alexandria,20.8,19.384005634340042
Giza,15.7,17.95279498744901
Luxor,20.1,22.532993000021293
Alexandria,23.3,18.468640375492157
Alexandria,23.3,22.415411519761733
Luxor,16.9,21.33844324988604
Luxor,27.4,31.22906257389883
Luxor,29.2,26.664403436575583
Minya,17.5,24.25017443284679
Aswan,37.0,34.36367408955789
Alexandria,23.6,26.524110969301148
Minya,28.2,29.304016397252838
Alexandria,28.3,25.611955139249346
Alexandria,26.7,27.08134793935153
Cairo,26.4,26.207920393061386
Luxor,17.3,20.920062016561815
Cairo,30.9,29.869617229052835
Minya,16.9,18.073670355604122
Minya,12.4,17.531647108584536
Aswan,20.9,24.977768255080207
Cairo,26.5,24.759210854813546
Giza,35.1,31.507534182553172
Cairo,30.3,30.510968447864457
Giza,25.5,24.451774850286426
Luxor,38.1,33.6577706931746
Alexandria,28.4,23.42286957786962
Luxor,37.4,31.560715923829378
Cairo,32.1,24.54759424586905
Luxor,36.9,34.620447787591615
Luxor,29.7,29.48521651185075
Cairo,24.598063623789766,19.596371433678087
Aswan,24.598063623789766,22.5174707561967
Giza,24.2,17.507634396092158
Alexandria,23.1,27.763449880172004
Alexandria,13.0,15.963939861077108
Aswan,32.4,32.65948668452069
Minya,25.0,22.113159083890594
Cairo,21.3,24.052862091907798
Cairo,30.8,26.5650276353187
Aswan,33.2,32.96829075884972
Luxor,17.2,22.756785978313133
Luxor,33.8,30.614662286122496
Alexandria,26.0,25.717498391975482
Giza,18.8,17.330036178463672
Aswan,31.3,33.45788917530706
Minya,32.5,30.008048471510733
Alexandria,25.8,28.075690958805524
Aswan,20.9,31.209556969260234
Giza,13.4,20.742017009956328
Alexandria,13.5,13.528186713712046
Aswan,36.4,35.12641030514891
Cairo,33.0,28.416649493609327
Giza,32.1,27.038672756866617
Aswan,29.9,28.540905523346794
Giza,16.5,15.509635639079477
Minya,25.4,23.657787234310547
Alexandria,25.6,23.72652353638523
Luxor,19.3,22.43899778858639
Cairo,27.5,24.43877156367273
Alexandria,12.9,19.226276847389613
Cairo,20.0,20.141030704509944
Cairo,17.0,18.220720206784847
Luxor,30.6,29.936511387282167
Minya,32.0,25.284782718648273
Minya,15.4,16.682033237628502
Minya,22.2,25.135342002990512
Giza,31.6,25.688934980607087
Aswan,30.5,32.10364210254272
Cairo,23.6,24.663914454324527
Luxor,20.5,25.584680937264125
Cairo,22.3,24.40889445771785
Cairo,32.1,26.38145595475288
Alexandria,17.9,17.609544205516386
Minya,23.7,23.29868206336721
Alexandria,19.2,18.43185159235844
Luxor,27.6,26.029273200297837
Giza,32.4,27.36612094584234
Minya,26.1,23.112760368400643
Minya,29.5,27.662624636749
Alexandria,16.6,15.803104256592178
Minya,24.598063623789766,30.98037987177156
Minya,32.8,31.36854864104197
Giza,26.2,17.872210850300746
Alexandria,24.7,19.606340129407613
Luxor,15.8,20.990696735909808
Cairo,26.9,27.51873752508868
Minya,35.4,28.572053956792672
Aswan,16.1,22.170761853048077
Minya,29.9,27.443558071548807
Luxor,22.2,24.839938344462666
Alexandria,27.6,28.349233966560405
Cairo,29.6,24.372912961584518
Giza,17.3,18.639030795446445
Minya,13.4,18.9625985282766
Aswan,19.3,25.251933361718898
Giza,18.4,19.245229449903604
Luxor,22.2,26.59455261708598
Aswan,38.6,35.20285165887759
Minya,31.8,30.80739034826871
Alexandria,25.6,22.90362548185493
Luxor,35.8,27.847956949235993
Aswan,33.2,31.228273497283965
Alexandria,28.3,26.944449584659537
Minya,34.3,28.607265934630277
Giza,32.6,27.027548987236457
Alexandria,16.7,14.32581490179075
Minya,18.2,19.59637753367673
Giza,21.7,19.613639469373652
Giza,24.6,18.91924368357826
Giza,20.8,20.47017087966833
Aswan,20.1,24.983445708385318
Giza,17.6,14.836396679007805
Minya,12.0,17.304147566835013
Minya,31.6,27.836630388258357
Alexandria,19.0,18.740777333599567
Aswan,16.6,23.598449402208416
Luxor,17.2,24.37679880454914
Aswan,29.6,30.596778146284294
Alexandria,25.2,26.105205184056786
Giza,28.2,21.597489609455806
Alexandria,22.9,16.7122181738888
Aswan,16.8,24.84584922230664
Aswan,27.5,30.40136184843601
Alexandria,13.7,17.04415988498073
Luxor,14.8,20.324546392323555
Luxor,12.0,19.697395523946568
Minya,13.2,22.00800577225067
Giza,15.7,18.222175347943335
Aswan,30.2,29.486007345661505
Giza,14.1,22.231602587987823
Luxor,19.7,23.35855307776899
Giza,32.1,25.630722712250588
Giza,23.9,21.003881431426237
Luxor,31.7,31.978832655383144
Alexandria,28.2,25.973950127718183
Luxor,26.6,26.728906928583797
Aswan,21.7,25.50966658343748
Aswan,29.5,29.844450309878766
Giza,31.6,26.807071634829867
Cairo,31.4,29.281075634817796
Giza,17.0,17.374582925198126
Giza,31.8,25.806799316048227
Giza,23.6,18.447869292075552
Alexandria,22.8,20.09013466035225
Minya,31.5,31.601102766413817
Cairo,20.4,24.798480613892934
Luxor,29.0,29.21687965526678
Cairo,13.4,20.692870798688716
Luxor,17.8,21.3269455687568
Minya,34.3,28.73990898874723
Minya,34.4,29.706202450906517
Alexandria,20.1,23.602002542946877
Giza,23.0,25.100240297370817
Alexandria,27.4,24.14199089048782
Minya,33.0,31.82628403036017
Cairo,28.8,25.210256388618348
Alexandria,23.7,20.36861649473724
Aswan,35.0,33.41206579953382
Minya,25.7,24.5846758007026
Giza,29.8,29.378151225425427
Minya,16.4,16.856902546356253
Minya,17.6,22.22931618574046
Giza,15.7,16.12003923908128
Minya,24.0,22.864149631515488
Aswan,39.6,34.94002027623162
Minya,27.1,27.965132146537883
Alexandria,27.4,29.38972767441777
Giza,28.3,24.53199805496945
Cairo,30.4,24.700352390298065
Alexandria,24.6,23.722633850224668
Minya,27.4,25.689558858472594
Alexandria,15.4,18.55585724088803
Luxor,18.6,22.00582840359101
Aswan,24.3,24.109924023837266
Minya,31.4,27.627457728159413
Giza,16.0,20.424845690932557
Luxor,34.3,32.95157357254482
Aswan,15.1,23.34357398288853
Aswan,15.8,23.31611497006071
Luxor,31.1,28.948477548425842
Giza,27.5,24.487917774940342
Giza,10.0,13.02298801361269
Aswan,37.7,31.331096299671856
Cairo,23.3,20.639971812798308
Cairo,20.9,19.580546624121894
Giza,25.9,18.703163055786376
Cairo,22.7,18.09126670401696
Minya,31.8,27.89492888146873
Alexandria,17.8,20.064708813097695
Alexandria,26.7,26.562143487353126
Alexandria,19.1,16.61664743539245
Luxor,27.2,27.379351230940813
Minya,34.8,32.00954623033414
Aswan,15.3,23.454563443592974
Alexandria,15.7,15.927949898102554
Cairo,32.1,26.935011526731614
Alexandria,19.8,22.332314682015465
Giza,24.598063623789766,15.518270051243348
Luxor,27.9,32.38605579300207
Luxor,36.7,33.72405102021594
Luxor,36.7,34.7460789983366
Minya,24.598063623789766,20.60918869095474
Cairo,32.3,29.7512546015015
Giza,32.3,30.464332997253052
Cairo,32.7,26.691829644837526
Alexandria,24.8,25.589904607120275
Luxor,27.2,27.0585073978246
Aswan,11.5,22.970001995672988
Giza,18.9,15.934986207338795
Cairo,26.0,25.260054874898458
Minya,33.8,31.452114256301286
Minya,16.8,16.90727829852534
Alexandria,18.0,23.321216047103746
Cairo,32.8,29.144837095476532
Alexandria,27.7,24.919442654324655
Cairo,25.0,24.545298369837553
Aswan,24.1,29.500074677415057
Cairo,28.6,23.82702616105712
Cairo,27.1,24.142012239169787
Cairo,31.9,26.596048617542237
Giza,15.6,12.164685968486765
Minya,21.5,21.753264196279133
Cairo,29.2,25.706034369408258
Alexandria,21.6,25.100237676842255
Minya,32.7,31.245044847119573
Luxor,17.0,23.502881184131127
Luxor,23.5,28.935790733802378
Cairo,19.3,23.010425892843557
Giza,34.1,28.020865174808762
Cairo,24.6,24.2058983164045
Luxor,16.4,20.43196832279085
Giza,16.9,19.13105321305335
Aswan,36.0,33.56478212198556
Giza,18.4,18.241604105449426
Luxor,19.3,22.643117958803487
Cairo,20.1,19.286219765558883
Aswan,31.7,32.591829006437706
Minya,29.6,27.559864968283307
Minya,24.1,27.915214915890772
Luxor,24.598063623789766,27.165975254970647
Luxor,23.3,28.97338502024337
Giza,21.1,19.36094295428751
Aswan,34.0,32.84928090019059
Aswan,27.0,29.392860014015582
Cairo,13.7,14.997951714105511
Aswan,35.9,34.10529556640046
Alexandria,24.3,25.539080444332114
Minya,16.7,18.152133055234856
Minya,23.1,26.435943444894065
Minya,34.1,29.853115776621053
Cairo,20.6,21.346071870673313
Giza,31.6,29.554934315665264
Minya,32.2,29.867705731280353
Aswan,37.2,30.800216545610624
Minya,35.9,31.09843185539154
Giza,28.9,23.725061721021575
Cairo,32.2,30.77921278982393
Alexandria,26.3,26.596410598424143
Minya,25.8,22.78620220086833
Alexandria,15.9,17.601198342569262
Giza,19.5,17.12696790212169
Cairo,30.2,29.455682822136794
Minya,32.6,30.453499304606567
Cairo,22.3,20.911312958312635
Minya,30.2,29.053120055994725
Giza,31.9,26.08884957222881
Alexandria,19.4,22.815112466487108
Luxor,17.2,23.7574083475875
Aswan,34.9,33.5699568773847
Giza,22.4,23.64853446813163
Cairo,26.5,25.661899059100676
Giza,31.3,30.764679354553323
Cairo,14.7,12.552484181830266
Aswan,35.1,33.638721914810844
Luxor,17.9,27.01743497185072
Alexandria,21.5,22.495252782842613
Giza,14.4,23.93475999837557
Luxor,15.2,25.348908115696872
Alexandria,14.2,17.066292501578232
Cairo,30.5,29.144676040920046
Luxor,16.8,26.879081296746392
Cairo,25.4,21.38782313571511
Cairo,31.2,29.24965218534612
Minya,19.8,20.596567604659242
Cairo,21.8,17.19988019862234
Cairo,19.6,24.43705206528898
Giza,20.9,19.678839046657117
Luxor,33.2,30.85064168134045
Luxor,21.0,28.53508190822629
Minya,18.0,19.24682626346305
Aswan,24.598063623789766,29.422477247300378
Alexandria,28.5,23.48741792802656
Alexandria,19.1,21.600357787299913
Aswan,31.5,33.26479144575359
Minya,19.1,20.295878283481386
Cairo,16.7,22.65242252287129
Aswan,21.5,30.371571516284973
Alexandria,26.4,23.737842979455763
Giza,23.6,23.343928956371997
Luxor,33.0,32.03691664295951
Giza,15.3,16.353195965697637
Luxor,22.4,23.815852547158727
Cairo,33.5,27.97675371589355
Cairo,30.7,30.74812085133601
Minya,33.6,29.95486851372192
Minya,25.0,22.842872492923732
Luxor,31.3,29.7817995799536
Alexandria,17.4,12.605916665439281
Giza,31.8,29.742613115984057
Minya,23.5,22.80945265325994
Giza,31.4,30.89151160297365
Cairo,17.7,20.977823383703026
Aswan,38.6,34.92156911635226
Alexandria,14.0,12.824529412514494
Cairo,16.1,11.613910796835796
Minya,16.0,18.862236914524374
Aswan,32.3,32.69368453460038
Giza,29.9,24.843019913616956
Giza,25.4,23.866465050008458
Alexandria,21.3,8.660195677831098
Aswan,35.4,34.48831874863032
Minya,32.2,26.80088920868519
Luxor,29.4,24.35431682608254
Aswan,17.4,24.24015194170397
Alexandria,9.9,15.449065694521607
Giza,17.5,16.777399494444296
Minya,17.2,19.191933411721095
Alexandria,27.7,22.297348556180566
Alexandria,24.5,26.566223919005722
Aswan,26.8,31.249176046568152
Minya,22.7,24.89632838683292
Giza,31.8,30.7947282842228
Aswan,32.3,32.426374485807
Alexandria,19.4,23.148742189143206
Cairo,28.8,25.573114549543845
Luxor,26.6,26.688084605839265
Aswan,36.4,25.976248979892205
Minya,33.0,30.003238025665723
Cairo,26.3,21.227585794082813
Alexandria,27.0,25.76432889680558
Alexandria,20.7,14.741041542912853
Alexandria,24.7,24.07319660322412
Giza,30.3,23.928336298026636
Minya,27.2,26.90299061156594
Minya,30.8,25.566313143918478
Minya,11.7,17.137190485891267
Aswan,32.0,33.51284684546556
Alexandria,27.7,27.082415657609204
Luxor,25.4,28.309228118730232
Luxor,20.9,22.54385500148652
Cairo,11.8,16.36770924905062
Giza,24.0,20.05205334743755
Aswan,35.4,32.64415598707075
Cairo,31.9,31.00121333496321
Cairo,13.2,16.234289363092216
Cairo,32.4,28.10813758994817
Luxor,27.0,26.77530416789989
Alexandria,21.6,19.206372349081278
Cairo,16.8,15.786992858476538
Alexandria,19.6,23.8021962769094
Giza,24.9,24.30718508720861
Luxor,19.9,26.74386815702269
Cairo,14.4,21.06155757260376
Luxor,28.3,24.091439674851244
Cairo,11.8,14.279429725621526
Alexandria,26.0,27.706128949169738
Aswan,30.2,32.04072439866718
Luxor,24.598063623789766,29.95280510798824
Giza,31.5,28.533392715881007
Minya,32.9,30.58934660621935
Aswan,36.0,34.66820545783651
Alexandria,26.5,21.731198072103552
Luxor,22.9,23.683918788916515
Minya,24.598063623789766,19.872671591727453
Cairo,27.0,20.4800168733438
Cairo,20.6,23.715993200260016
Giza,27.1,26.772152981940167
Minya,32.7,27.545818084078462
Minya,11.9,16.740464965690762
Giza,31.0,26.522284156612557
Minya,14.6,17.84652567488945
Luxor,17.7,20.546857224696964
Aswan,25.9,27.749589857649937
Aswan,20.8,27.87955190974509
Aswan,37.0,34.93527638849491
Luxor,27.1,26.355017625027017
Giza,16.6,17.700904968592
Minya,22.9,24.427976055456213
Giza,31.4,29.985340241564927
Giza,26.3,21.276732005350368
Aswan,21.4,29.07010409237097
Alexandria,23.7,19.132285457262356
Giza,14.7,12.601630393097935
Aswan,28.4,30.903223672753313
Luxor,37.5,32.40553939836849
Alexandria,28.6,28.68499061936592
Aswan,33.8,34.086964690474474
Giza,28.8,25.622260760811457
Giza,31.2,25.644883630007484
Giza,28.1,26.247750295184233
Aswan,36.0,34.95932824450915
Cairo,31.3,26.787372805942482
Alexandria,27.5,25.848535035735893
Cairo,17.9,15.955442227246351
Minya,21.3,18.238847717083956
Minya,24.598063623789766,22.263576763572814
Alexandria,13.2,14.873539609852571
Minya,34.7,29.113006894250532
Cairo,27.4,23.346954830122115
Cairo,31.3,28.935715273130143
Aswan,31.9,28.365933538881336
Minya,15.5,21.147060465269192
Cairo,30.2,23.378380667693136
Minya,15.7,17.537972549369726
Alexandria,13.9,15.152056220382974
Cairo,31.9,28.40432919114926
Luxor,17.6,20.136248527646273
Alexandria,21.2,16.386758169931397
Alexandria,19.0,21.876703032828402
Aswan,17.1,23.45403090229064
Luxor,23.6,24.831288398760478
Alexandria,26.1,23.462678036533646
Giza,11.8,16.43634873568493
Giza,24.598063623789766,20.014500225293148
Giza,30.7,28.691225919011515
Luxor,18.8,21.74278615187029
Minya,33.8,26.641258402331346
Luxor,17.5,21.753664791832534
Aswan,24.598063623789766,29.166884415857055
Cairo,20.2,21.967747534905243
Aswan,24.598063623789766,33.746116409377066
Luxor,22.5,23.71208461408304
Luxor,12.1,20.848321110537768
Minya,14.0,16.29716977069768
Cairo,30.3,26.879368801839973
Cairo,31.7,31.12220271821269
Giza,31.2,30.625358384770152
Cairo,33.2,30.408703052005933
Giza,22.5,22.55425480999429
Cairo,16.5,16.01419228928694
Aswan,28.3,31.00027974481202
Cairo,20.0,20.638805830811748
Alexandria,27.2,22.49582144481957
Minya,24.5,26.457209626658596
Luxor,35.0,34.102563208196216
Luxor,33.9,31.917242688524254
Alexandria,19.5,18.815100895603507
Giza,27.3,25.557802634812674
Cairo,32.8,30.756239445528763
Luxor,30.3,32.5103746228956
Aswan,25.6,27.63605787293011
Minya,24.3,23.498814164742555
Alexandria,29.1,25.774537613128075
Minya,29.3,24.174780463341506
Alexandria,26.8,26.835449023199146
Cairo,32.8,28.28023530951566
Minya,18.9,16.980231926825866
Aswan,27.3,27.831439604596312
Aswan,19.4,26.288137725391778
Cairo,18.3,22.379578679210056
Aswan,33.6,34.08804459570962
Giza,16.4,15.240563388948146
Minya,33.3,28.355955198093625
Aswan,36.3,33.89260969076156
Aswan,37.2,33.764623920411566
Luxor,30.8,32.874783284040575
Aswan,20.9,26.137891898668954
Luxor,15.0,20.31395026767342
Cairo,28.8,24.699369344026252
Alexandria,22.2,20.42463099517107
Minya,33.4,26.304493177246286
Luxor,34.0,31.329107340342375
Cairo,26.8,22.476622889412113
Minya,20.1,22.412168446832595
Minya,25.1,27.056551960182105
Minya,16.6,17.069382659907717
Aswan,31.8,30.268900654085428
Aswan,14.4,21.924846752965152
Minya,14.6,19.53115174557638
Cairo,30.9,25.77899184308501
Aswan,40.3,35.94777972871691
Cairo,33.7,27.01190928169933
Cairo,23.6,21.32655620878461
Giza,23.7,20.8424146190103
Luxor,35.4,32.79377683470477
Luxor,19.4,22.920186354218174
Cairo,18.8,22.47265452331726
Aswan,14.6,22.248015552043398
Giza,29.5,29.859067442613252
Aswan,31.0,31.173417057026086
Cairo,32.2,27.95213800374171
Alexandria,19.4,22.309817426619475
Aswan,24.6,29.624881860421226
Giza,25.2,24.834845758311133
Giza,15.3,18.94101653287487
Alexandria,19.8,18.30218419269619
Minya,32.2,30.430423681400498
Aswan,33.4,32.16596167433278
Giza,13.3,22.28337910730295
Minya,33.8,28.852727356256253
Cairo,29.5,25.00130763832783
Aswan,15.8,20.929380116777622
Luxor,31.6,32.17070596411054
Minya,13.0,22.190457346831977
Alexandria,29.6,26.97851313952316
Luxor,29.8,29.20511686236938
Giza,28.2,23.820632645781302
Luxor,18.6,22.492894790040168
Alexandria,11.1,18.009304844931364
Giza,30.1,28.07379491234525
Luxor,24.598063623789766,29.873052115775522
Aswan,36.5,33.4828800811527
Luxor,35.8,34.62895399616457
Cairo,29.4,23.863345834826475
Alexandria,18.2,21.4036826621836
Alexandria,27.0,26.83358165731306
Alexandria,11.9,6.454547193623512
Cairo,19.2,17.93307510077659
Giza,27.8,27.73623399168497
Luxor,17.6,20.66800110602844
Cairo,15.8,15.648349723816239
Luxor,15.4,20.62174694464443
Minya,18.7,17.608285782726284
Giza,14.6,13.747528482037694
Alexandria,17.6,19.95334868276632
Giza,16.7,17.351014962635816
Minya,11.3,18.319173559238095
Alexandria,12.7,22.082332456650704
Minya,25.8,27.21059391438854
Alexandria,25.3,26.64582436459824
Aswan,31.9,33.34258495553195
Alexandria,13.0,19.76223125851442
Cairo,11.1,13.544976249613683
Alexandria,16.1,14.542663426092133
Aswan,28.1,28.548583393906142
Luxor,22.1,25.7543463942564
Luxor,32.9,30.16408674823265
Luxor,21.1,26.019715173947986
Giza,32.5,31.736009185102546
Giza,29.6,24.80666833387403
Aswan,35.6,34.11296244837723
Minya,17.2,25.128344078769715
Alexandria,12.6,16.74953841324941
Cairo,24.598063623789766,16.167253422720933
Luxor,28.2,27.383015827826966
Aswan,25.6,30.46166055867809
Alexandria,14.4,20.08428402548327
Giza,22.1,24.31184000883212
Giza,21.1,19.866617285826294
Minya,15.1,22.794698454301567
Cairo,13.3,22.185086684767725
Giza,26.9,27.567883736356293
Minya,16.8,17.114276107027877
Aswan,12.6,23.105470650088307
Luxor,17.8,23.115589053908536
Cairo,13.9,17.77263643590902
Minya,24.2,24.11560269712129
Cairo,24.4,24.811604313121677
Cairo,13.2,16.840737590337426
Cairo,29.6,29.886503654233877
Aswan,30.2,30.600246654362707
Alexandria,28.5,26.65935282055159
Giza,14.2,11.512775635514743
Alexandria,17.9,20.977055505551334
Luxor,15.2,20.877471496375165
Aswan,14.7,22.302591613542234
Giza,22.1,18.18950683600815
Aswan,30.4,28.946259610706477
Cairo,11.2,11.100698703708133
Aswan,29.9,31.600385872789786
Aswan,23.8,25.885089601644268
Luxor,12.7,22.254615409576672
Aswan,19.6,29.092810276032992
Alexandria,27.9,24.687202607687937
Cairo,29.3,23.733492471165277
Giza,32.4,27.99671598933162
Alexandria,24.8,26.829257856697154
Aswan,37.3,35.08867023965303
Cairo,18.6,16.496762359134777
Alexandria,27.1,27.24017233132031
Luxor,27.1,26.2020368476513
Cairo,16.3,14.05293825085414
Minya,34.1,31.10266644342147
Giza,16.4,15.61362052583354
Cairo,35.3,30.503141339784065
Giza,33.2,26.58535235241618
Minya,23.6,26.97722516213605
Luxor,15.4,22.48269221855537
Minya,15.3,20.58869221345242
Cairo,31.3,29.2012282490997
Cairo,30.2,29.74714566374206
Giza,32.2,29.09262888207644
Cairo,28.5,25.452062711695476
Cairo,27.3,25.739627593206365
Aswan,38.4,35.00805788370076
Alexandria,26.6,22.851823743889327
Luxor,21.5,23.26616712857566
Giza,22.6,24.564433619593956
Luxor,23.4,27.68556970302211
Alexandria,20.7,23.392433813262926
Cairo,29.7,26.475058000342244
Cairo,31.2,28.59823534354547
Cairo,30.7,25.934274088390964
Alexandria,17.3,12.156332453724985
Cairo,29.6,22.944055210819442
Minya,32.4,30.299125902689298
Alexandria,25.6,26.7886123722688
Minya,32.2,31.933859416699647
Aswan,33.0,32.764901307670584
Giza,28.8,24.816591386803736
Cairo,24.7,23.50638847552767
Luxor,24.5,29.77594257067267
Giza,22.7,21.497980792255362
Alexandria,27.9,23.374976296001023
Luxor,30.0,24.960499558583024
Aswan,37.6,36.193058017979354
Alexandria,22.3,25.55657534384676
Giza,20.3,19.525066141644913
Cairo,16.2,21.788247532102105
Alexandria,24.2,25.152511207285727
Cairo,24.9,17.4645488582471
Cairo,32.6,29.221724062063743
Luxor,27.6,29.553284756635037
Giza,26.7,21.56905039419786
Minya,20.2,22.666637863288713
Minya,17.3,18.614440021156327
Giza,24.598063623789766,24.012815320505354
Luxor,20.8,24.335102325092862
Alexandria,12.4,19.987190368025722
Giza,18.7,21.141704045409085
Luxor,20.4,24.075100494275375
Alexandria,17.1,19.60562174704046
Cairo,17.7,20.14845957313787
Minya,29.9,28.212272926265086
Cairo,11.9,15.016311925587786
Minya,29.1,27.697097919654993
Giza,32.3,26.441383448219653
Minya,32.7,28.11487286124003
Alexandria,18.3,17.39311715723602
Cairo,18.2,13.551653901853967
Alexandria,24.0,19.9653168406075
Minya,30.2,29.89228298225015
Minya,29.1,21.172839161715558
Luxor,33.6,29.711905927221835
Giza,21.4,22.52905848183468
Cairo,31.0,26.17459290540296
Aswan,34.7,29.99685842120931
Minya,24.1,22.305989264614027
Giza,15.8,15.445609572044418
Cairo,13.3,19.00282735746265
Cairo,18.7,13.271469264157133
Aswan,24.0,27.289510214778943
Giza,23.7,19.521753011584508
Aswan,35.7,33.86675556612602
Cairo,23.5,21.99922823907201
Luxor,18.7,23.288835958174218
Cairo,17.6,10.960024539000813
Minya,13.4,19.493910642708954
Giza,30.6,31.420941591993937
Minya,16.0,19.735623317381453
Aswan,32.7,30.75966096434132
Aswan,20.4,26.294476893661
Aswan,30.1,31.781516294245534
Giza,29.4,29.73696393115813
Minya,15.8,20.381816880978874
Minya,32.3,26.03832655187506
Giza,13.5,15.859898610811172
Alexandria,21.7,24.08150754968483
Aswan,16.1,25.38845263410417
Alexandria,19.4,24.06616163338998
Luxor,35.3,32.022894590418616
Alexandria,22.1,18.00923659991622
Minya,22.9,22.288488054169136
Aswan,32.8,31.754956381346062
Minya,28.3,23.73311975818035
Luxor,26.6,25.83263667037488
Aswan,20.4,24.64690397284528
Giza,12.1,18.32562868798891
Aswan,16.1,22.50354068596306
Alexandria,26.3,23.305507619375533
Aswan,24.598063623789766,34.931482394119314
Aswan,28.6,33.14870204853702
Cairo,31.8,25.94385138877152
Alexandria,25.0,22.388592633034932
Alexandria,23.8,25.949867229794222
Cairo,16.9,16.502500423573167
Minya,15.2,19.344827330774706
Giza,18.5,20.61246230812793
Luxor,21.5,21.652006745831216
Aswan,27.7,28.978174767614064
Minya,33.1,31.743994001718818
Luxor,23.8,27.08782398564273
Aswan,32.8,33.99605439883965
Alexandria,21.5,18.818836177584956
Alexandria,23.4,18.36547639052634
Minya,33.9,30.882758650045275
Giza,21.8,21.431500650434884
Luxor,29.9,30.13144269368064
Cairo,18.7,21.927492627349068
Giza,29.4,30.270921870240784
Minya,24.598063623789766,22.87319753207555
Alexandria,17.6,23.938766251546213
Minya,13.2,25.991122871403718
Giza,29.3,24.921006990474723
Aswan,26.5,27.646354809215268
Giza,24.6,23.59714024996987
Giza,29.1,25.04354217503692
Minya,20.1,20.37489853636788
Giza,35.4,29.32318998895755
Alexandria,13.3,15.517346743193059
Giza,27.3,21.68367398530495
Minya,28.2,27.591788482536572
Luxor,36.9,33.3068190884843
Alexandria,24.598063623789766,28.139558106258164
Minya,16.6,17.888135620106596
Alexandria,27.2,23.53732629168229
Luxor,33.0,30.561244720799095
Aswan,31.0,30.63802096688437
Giza,21.5,16.265545845256156
Alexandria,18.9,20.951539451380995
Cairo,17.2,20.379175242627753
Aswan,15.6,25.311273540804905
Luxor,17.4,23.3777189630145
Aswan,14.3,22.00070678279627
Alexandria,23.3,19.7174441487889
Minya,15.3,20.306456810788745
Giza,32.5,27.468816926608724
Giza,24.598063623789766,24.847626825160546
Minya,26.9,28.395085764766236
Alexandria,28.5,25.743432661498048
Minya,9.3,18.180632464663518
Alexandria,23.0,20.887725268038935
Cairo,30.1,23.53169478088364
Giza,30.7,27.70243207229663
Cairo,31.1,29.522835844390556
Luxor,28.8,31.052940333179606
Luxor,26.5,30.512450120358267
Alexandria,22.7,17.3591358882
Luxor,23.8,27.08903123811649
Minya,22.0,24.93049196843998
Minya,11.1,17.90075255503001
Alexandria,28.1,24.636937502363025
Luxor,35.4,32.302771514051585
Alexandria,24.7,22.168562401416636
Alexandria,24.0,20.402592356241428
Giza,32.1,30.656704140475483
Luxor,23.0,17.780517738815945
Cairo,25.0,22.514607607125754
Alexandria,28.4,27.942892221054933
Giza,18.4,23.500032299354928
Minya,21.3,20.902887524847984
Alexandria,27.4,28.250448453618617
Cairo,14.7,19.947940551023294
Luxor,29.4,29.573614466441995
Minya,30.1,24.405356253593823
Luxor,30.7,30.559871775453416
Alexandria,13.7,14.828347237686046
Cairo,31.7,27.35358885979724
Alexandria,22.5,18.65401345600162
Cairo,30.7,29.903684988660416
Luxor,38.9,32.79349088034684
Aswan,11.5,23.616508885943915
Luxor,24.2,28.901221985852544
Minya,29.3,26.865746468593045
Aswan,35.4,35.44389115673562
Aswan,17.0,23.075638107911004
Aswan,20.2,29.62403040668886
Luxor,19.1,21.675271236980848
Alexandria,12.8,12.848503844409208
Alexandria,17.1,21.703184178691174
Minya,32.6,29.330456405709242
Aswan,33.5,34.900987261352554
Aswan,30.0,27.43185250597628
Luxor,32.5,32.56009186399399
Aswan,34.3,33.5178059862194
Minya,31.6,28.653985557287854
Aswan,33.6,34.313541837934565
Luxor,27.0,25.639318865603116
Alexandria,26.5,25.929704432390224
Cairo,17.4,15.04246581243109
Luxor,17.2,20.906899393872948
Giza,30.4,28.95246139546913
Cairo,24.4,23.435193577748464
Alexandria,14.3,15.231394506449874
Cairo,16.6,16.502981234360107
Giza,24.7,27.576218089688837
Luxor,29.3,29.629541294934768
Minya,30.9,29.541449050390725
Alexandria,23.4,27.371710678404725
Cairo,25.2,19.789860763780553
Cairo,33.7,27.42320815006991
Giza,33.2,27.138455325870893
Alexandria,12.0,19.691309695892016
Minya,28.4,27.98375529848397
Luxor,22.2,21.96330455514584
Aswan,38.4,28.323292514528248
Minya,32.0,29.456100198545982
Luxor,33.2,32.067059101417954
Luxor,19.2,25.8783277504711
Giza,27.0,16.598889772440316
Cairo,23.2,18.883720045545147
Giza,15.2,20.234597549708724
Alexandria,25.1,23.44711616620225
Alexandria,25.0,24.359050020127995
Luxor,32.5,31.87144103762222
Luxor,37.7,34.221828100530615
Giza,23.7,21.579349628409943
Luxor,34.8,32.69350103685633
Cairo,24.598063623789766,24.86403949108967
Minya,34.5,27.35654240172221
Luxor,21.9,23.872698428406295
Minya,24.598063623789766,23.028616403929107
Alexandria,27.6,25.294588579112713
Cairo,29.8,23.37373031945208
Aswan,26.9,30.201846066620078
Alexandria,27.9,22.36205233719636
Aswan,17.9,22.466109462577094
Giza,32.4,25.464635037131018
Alexandria,26.9,26.68946192850791
Minya,37.0,31.580231920162817
Minya,35.7,30.366054346368855
Alexandria,17.4,21.45567525762027
Giza,24.598063623789766,31.04008488779226
Luxor,16.4,21.202627357583992
Luxor,35.7,29.361903496382524
Aswan,14.7,22.922508898645788
Minya,32.8,29.034681600805357
Cairo,19.2,16.652398858956474
Cairo,16.6,17.651758757324444
Giza,25.1,23.477927224823077
Giza,29.1,27.41845831089006
Minya,27.1,28.100605938887327
Cairo,14.8,16.870463100221627
Cairo,19.1,20.539142275584084
Minya,37.0,31.71354830508301
Cairo,17.4,19.30137886545009
Cairo,16.7,11.936863441198966
Alexandria,25.0,24.655299434092797
Alexandria,17.8,18.536147153279387
Minya,15.4,21.134009569091063
Aswan,27.7,32.358170583710944
Giza,23.2,25.33711947462274
Cairo,27.1,21.978339526891602
Giza,29.8,29.736598735052667
Giza,19.3,21.531485961103442
Cairo,14.7,18.270469064530687
Aswan,26.9,26.267605225403372
Luxor,34.5,30.367772938160556
Minya,32.4,30.304011913277236
Cairo,34.1,29.769654689475487
Alexandria,14.3,17.434319707415455
Minya,30.9,28.090258867764987
Aswan,28.6,26.97663408507094
Minya,16.8,19.635398301650525
Alexandria,15.1,17.426364477413813
Minya,14.0,20.039719315072944
Minya,30.4,26.94598099743922
Alexandria,13.4,14.920417579631078
Giza,20.9,17.822686780402194
Minya,11.7,19.24615145216154
Minya,33.6,30.43303646349017
Giza,16.0,18.5920469419234
Cairo,31.6,26.757925423562256
Minya,31.5,27.45569379394999
Cairo,18.0,20.903191495926933
Luxor,34.6,34.057720041930565
Alexandria,15.4,13.381559886604919
Giza,32.7,29.231157470946016
Cairo,16.2,17.79666702374186
Luxor,30.4,27.485081644756008
Aswan,31.2,30.25958417832078
Minya,26.8,23.80144622978304
Minya,18.9,22.037824630676653
Aswan,33.1,31.044381097283633
Luxor,18.8,24.106435788748797
Cairo,23.5,23.58649693675028
Minya,23.0,26.521513267364583
Luxor,15.1,25.61285852844577
Luxor,21.8,26.329926427982628
Cairo,28.2,23.77148643451369
Giza,21.0,21.504331769393104
Aswan,31.0,28.740574456496972
Aswan,34.3,30.340093310919144
Giza,27.8,28.75975278842776
Aswan,24.598063623789766,34.85142656409522
Giza,19.9,21.85232505449852
Aswan,34.4,36.64394810949108
Aswan,21.2,24.616459953134097
Cairo,11.4,16.142319041787687
Alexandria,21.1,16.831510766842484
Giza,23.3,19.839081697855875
Minya,35.2,28.33813165866087
Luxor,32.8,31.25722440994093
Minya,32.0,27.028349333758
Alexandria,21.5,26.084174634951296
Giza,24.8,20.661386987220283
Luxor,24.598063623789766,32.5257033076432
Luxor,28.5,30.870639893526516
Alexandria,27.1,24.422349960722954
Cairo,25.5,20.006306856483775
Minya,24.9,26.66216441764948
Cairo,32.5,29.876452124534353
Cairo,23.9,18.84110924682369
Alexandria,11.3,10.604094020749017
Alexandria,27.2,23.079161180173116
Minya,12.7,17.05027416907825
Alexandria,25.2,21.74056656657757
Luxor,34.1,33.12828941685291
Cairo,23.1,20.272716496669602
Giza,32.6,28.348981754089664
Luxor,36.3,31.331274843669974
Aswan,24.598063623789766,30.911470649887008
Giza,24.8,20.795218842759596
Giza,17.4,17.110549100293213
Aswan,36.5,32.734548056388235
Aswan,35.3,31.998972197626642
Alexandria,15.4,16.568278483922427
Cairo,22.7,24.37003592013525
Luxor,34.7,30.834375234385845
Luxor,17.8,21.972490779593272
Cairo,29.9,25.57993100741203
Alexandria,18.5,22.549177513021448
Giza,23.1,18.00176090126024
Giza,23.5,23.684789359285446
Minya,15.5,21.171314763450255
Alexandria,24.1,19.61383723258325
Cairo,14.7,15.817540009068637
Cairo,32.3,28.23186395600146
Luxor,37.0,32.55297333384203
Aswan,30.9,29.872639652511452
Aswan,37.6,33.67423657736771
Luxor,36.8,33.18032900442432
Cairo,34.1,30.411493286038535
Giza,25.6,23.519251446036947
Minya,18.1,22.058977508957582
Aswan,34.0,32.87949852107056
Minya,16.6,21.574409614756576
Minya,24.598063623789766,18.278912649041786
Giza,29.8,24.582623051766234
Giza,17.4,15.091612023698644
Cairo,24.598063623789766,19.005188258519695
Alexandria,29.1,27.74958877774202
Cairo,15.5,15.161176401192392
Minya,12.2,15.560303184500867
Minya,33.0,32.032666087563825
Alexandria,21.8,17.013352001314445
Alexandria,23.4,19.59266719220193
Luxor,15.0,23.69117942657425
Cairo,25.0,23.68862604553283
Luxor,15.2,20.338706068696695
Luxor,33.2,30.64553173449633
Minya,21.0,22.822699603363446
Luxor,24.2,24.562707318241166
Aswan,16.0,23.076219977651135
Minya,24.8,22.78059145826495
Luxor,36.2,33.05384366952791
Aswan,30.9,29.898478193091876
Cairo,33.5,31.304084050255028
Alexandria,12.6,9.528590761204953
Cairo,18.7,24.19119471807994
Cairo,13.5,15.265254533081873
Alexandria,19.4,22.014282908750886
Alexandria,26.6,28.068092630694366
Luxor,36.5,31.58563620241506
Minya,26.3,29.22830582366413
Giza,31.5,30.217353030480865
Minya,27.9,24.540423756213386
Luxor,18.3,23.655713370650346
Alexandria,27.9,29.182148708587988
Giza,29.7,28.669642406573985
Alexandria,18.2,16.2562867731462
Minya,15.1,13.808389007164237
Aswan,23.5,27.147992238540496
Alexandria,15.6,18.207642267464962
Aswan,34.4,34.36340110909089
Luxor,20.8,24.95072976514132
Aswan,20.2,26.076705092499026
Alexandria,27.9,28.259205235267814
Aswan,34.0,29.977136372024006
Luxor,31.4,32.10735636819521
Minya,12.8,18.69295828220112
Giza,20.2,22.736465806947876
Cairo,31.9,29.64584425103203
Cairo,31.6,27.34066066684744
Aswan,34.2,32.81177185242524
Giza,24.5,24.98473224667174
Alexandria,24.3,20.46172094315625
Cairo,20.9,20.62210891054457
Luxor,29.1,31.242902154141632
Minya,17.9,22.425512756869864
Aswan,34.2,33.57745670161785
Cairo,14.1,10.024675801928936
Cairo,21.1,21.535804944009215
Aswan,26.6,29.143681176879113
Cairo,16.9,14.20265847351476
Cairo,22.5,23.69625855616607
Giza,19.4,22.621433532212563
Luxor,37.9,31.95072293812524
Giza,15.3,14.964418501531327
Alexandria,16.8,18.051752884375958
Alexandria,15.8,17.988853125450532
Luxor,30.2,31.365603993319326
Alexandria,24.6,20.130464400209178
Luxor,33.5,32.62172793089957
Minya,18.4,18.48913339452588
Luxor,24.598063623789766,32.54542169170395
Luxor,35.2,31.686450591053983
Luxor,14.3,19.82397452014652
Luxor,35.2,33.81292442478639
Giza,32.4,21.21114955701171
Luxor,34.2,28.240717189332713
Alexandria,19.7,16.051464651304173
Luxor,39.0,31.578678941451017
Minya,21.6,25.96893693357407
Alexandria,24.7,24.771359243834183
Cairo,25.2,25.95085587397756
Alexandria,15.6,22.657090819227847
Luxor,12.8,21.204195441891727
Alexandria,28.0,24.009553540664342
Alexandria,25.6,26.382721455472677
Giza,23.7,15.6511933358575
Minya,24.598063623789766,28.172715838165743
Aswan,22.9,24.0292516160834
Luxor,37.7,33.89183049651598
Luxor,39.0,33.46559183221848
Alexandria,20.2,21.188137042373853
Alexandria,28.9,28.641027614333666
Alexandria,13.3,12.263927389143362
Giza,12.9,19.073827745154006
Luxor,29.6,31.002725144693045
Aswan,18.1,23.51337470298114
Minya,31.2,28.551608015871466
Giza,21.0,19.542791710651727
Alexandria,20.0,17.283997175741035
Luxor,31.5,28.873177415779082
Cairo,21.4,16.007973542397053
Giza,31.2,28.41621814097482
Alexandria,28.2,29.06178531566161
Luxor,17.8,10.655433765534724
Giza,24.598063623789766,20.46890300873997
Luxor,37.3,33.10646400504345
Minya,24.598063623789766,29.221981451695285
Aswan,17.6,24.95987915976343
Cairo,32.7,30.1962162951923
Giza,20.0,21.96616982027939
Luxor,35.7,32.53856431006528
Giza,24.2,21.246629192030696
Minya,20.5,22.188268614863148
Aswan,21.7,25.751101790880455
Luxor,35.4,30.851293347059368
Cairo,21.9,23.66269987247722
Minya,17.4,22.500094947164257
Giza,23.5,24.000107450954374
Aswan,29.7,28.483032432793664
Cairo,16.6,12.617812035814268
Aswan,23.2,28.956469486526657
Cairo,29.1,27.369312099622448
Minya,32.9,31.332936214845745
Alexandria,19.1,20.692539084751502
Luxor,15.6,21.76399342455585
Alexandria,15.2,21.115302541093286
Aswan,18.1,25.726895163099243
Minya,16.9,22.83775677315947
Aswan,36.9,34.53475978102597
Giza,23.7,27.725632223256127
Aswan,18.6,24.321450444409095
Minya,25.5,18.551730793252943
Cairo,25.6,23.47010523476939
Minya,17.1,21.19906108901762
Alexandria,16.7,15.008808820233355
Cairo,18.5,22.757000601042876
Minya,24.8,22.138818755660907
Alexandria,23.1,18.367868836859373
Luxor,27.5,30.511231263495404
Luxor,30.9,29.228942409538945
Luxor,17.2,20.657083659951127
Alexandria,19.9,22.35022313292336
Luxor,25.8,27.105142070084526
Aswan,15.6,22.591499227961265
Cairo,18.3,16.199838572305453
Aswan,24.598063623789766,25.790008327129613
Cairo,27.5,26.341336350482038
Aswan,27.3,26.596853052781228
Giza,22.7,21.843857924470626
Luxor,29.5,27.24840973054512
Giza,12.3,9.772245677344529
Luxor,14.4,22.4819016693545
Luxor,18.8,22.719321931716706
Giza,18.5,18.28129707349825
Aswan,36.8,32.25906664061887
Cairo,19.4,24.152154329896973
Giza,30.6,26.32007210254494
Aswan,14.1,23.969938426618057
Giza,22.2,23.94830396334089
Aswan,38.3,34.2842806359767
Minya,14.6,21.458703299522824
Alexandria,24.598063623789766,20.541371055156446
Giza,14.7,14.150383429153123
Giza,11.7,17.690308194034287
Minya,34.6,31.44727995285001
Luxor,32.7,28.781838893231168
Minya,13.8,18.558111702308167
Cairo,26.5,23.043195572938885
Giza,30.2,26.30009619022684
Aswan,36.0,34.634348048762604
Cairo,12.3,17.539772631704466
Giza,24.598063623789766,25.003542136831243
Luxor,23.2,23.159112687500112
Minya,23.8,26.509829569667602
Alexandria,26.2,27.256956044969172
Alexandria,23.1,18.998912594490946
Cairo,19.7,18.65837181315635
Cairo,22.8,24.59305110427391
Cairo,19.4,18.52777928646458
Minya,29.9,27.549928615151316
Cairo,18.4,19.19608323863605
Cairo,24.8,18.81038813211012
Alexandria,28.1,26.714743138970675
Alexandria,19.8,20.353493962028267
Minya,14.0,21.844657258579275
Cairo,34.2,31.06936053736524
Giza,24.598063623789766,26.260575706907957
Luxor,33.7,33.49249808671209
Alexandria,19.3,20.5512716905954
Minya,28.2,24.26756786027846
Giza,21.4,18.615118631218422
Alexandria,15.4,18.191479720673385
Giza,25.3,21.500966911832506
Luxor,13.3,20.127581434461035
Minya,15.4,17.0406961271284
Aswan,37.2,32.87476335918018
Giza,18.0,18.818436061512273
Luxor,31.5,28.129851459755855
Minya,20.7,21.3463808582988
Giza,14.3,16.048421081066465
Luxor,17.1,20.174595507721904
Cairo,28.4,27.58214338672184
Alexandria,16.1,16.813387179504332
Aswan,22.7,29.959212100221464
Minya,34.8,29.65811609161375
Cairo,29.3,27.737872078217663
Alexandria,16.6,18.181935925671382
Minya,21.8,24.111511286521647
Luxor,30.1,32.184247880713144
Giza,18.6,23.423772519619888
Giza,29.8,28.026386837872394
Giza,21.0,18.46041854748256
Aswan,34.4,33.55948012143216
Luxor,24.598063623789766,33.303528530979634
Luxor,36.7,30.39713941353449
Minya,24.9,22.735286849138106
Alexandria,28.7,26.253423829672954
Alexandria,27.7,25.506888845603783
Minya,18.6,23.62422712189789
Cairo,18.5,21.589892542176642
Minya,36.3,32.185158154165265
Aswan,28.7,28.516191805840094
Giza,16.2,18.264142405850123
Cairo,13.1,15.94711423304608
Alexandria,27.7,25.20899229161546
Luxor,26.3,28.291685068999698
Aswan,21.2,24.808808057977444
Minya,8.5,18.966891441786686
Luxor,35.0,28.66801109825019
Cairo,18.6,21.811153634224468
Luxor,17.6,21.451797497550785
Luxor,14.1,21.98503658466268
Aswan,21.5,29.27936204842939
Aswan,16.3,28.347950468025942
Giza,27.0,18.831971850405353
Alexandria,20.7,23.925665768450983
Aswan,27.8,31.9826674222125
Aswan,30.1,31.572358620662555
Cairo,20.1,22.897126798859404
Cairo,32.5,27.195349721787352
Minya,28.2,27.78748691885528
Giza,17.8,17.537685160002184
Minya,28.0,25.266758141114167
Alexandria,27.5,25.050308311644926
Luxor,17.0,24.676138060492292
Alexandria,27.4,23.46500187416177
Luxor,24.598063623789766,29.11187741677577
Luxor,22.6,25.38452857267208
Cairo,25.5,24.016272726045088
Cairo,14.1,16.09805380009567
Cairo,12.7,17.375756089611457
Luxor,16.6,21.66489792903269
Giza,17.7,17.292355235637046
Luxor,11.3,15.43357745621313
Alexandria,15.8,15.123865855751717
Luxor,18.9,23.04126497522128
Giza,29.2,25.493238063251965
Aswan,32.8,30.087073036392837
Aswan,38.3,33.30340649078005
Giza,27.0,23.76696717234597
Alexandria,17.4,15.972497653969697
Cairo,29.1,29.128315413083897
Luxor,21.4,21.38570074262111
Giza,34.8,28.41288581116521
Giza,16.6,12.666958247081823
Luxor,31.0,30.857442606680593
Aswan,24.598063623789766,27.800785163322075
Aswan,33.8,31.64414056231118
Giza,33.0,28.46579570487694
Alexandria,28.2,24.485522358785204
Cairo,31.7,29.111738455650595
Alexandria,24.598063623789766,21.193352313383457
Minya,32.7,28.208316234726283
Alexandria,21.0,17.593673218125957
Luxor,36.0,29.33483420077863
Giza,20.9,21.17391512720934
Alexandria,21.0,17.382776407139716
Minya,34.0,32.409377871851234
Luxor,40.3,33.624178782423655
Minya,32.6,28.334814367741785
Aswan,25.7,27.953075227735496
Minya,24.598063623789766,16.778391354982887
Alexandria,22.0,19.001174790777497
Alexandria,28.8,25.350729369121836
Cairo,16.0,17.079525314606485
Minya,25.6,22.50930050164743
Alexandria,17.1,20.567925728202454
Cairo,13.7,20.372589307570706
Cairo,31.4,23.860122001447394
Giza,22.3,22.962709828763764
Luxor,24.598063623789766,22.67965393793071
Giza,29.2,27.161427558362334
Alexandria,14.3,16.97269948068731
Minya,16.4,20.547924329308785
Luxor,22.2,24.388198125238546
Luxor,34.8,33.3512107779365
Giza,28.5,23.20026463967639
Cairo,31.0,28.905812004807956
Aswan,24.598063623789766,25.150886630932916
Giza,17.7,14.793691130364039
Minya,28.7,29.359786622633294
Alexandria,27.5,22.11266593972755
Alexandria,17.2,20.131962842715893
Cairo,31.5,27.66559537921603
Alexandria,25.9,26.632202594033174
Giza,14.3,15.42725087293428
Luxor,19.0,23.741678257327123
Minya,14.6,20.799960542946053
Aswan,29.0,29.20197831618532
Cairo,28.0,25.83902479157456
Luxor,34.7,28.04602686735211
Giza,23.1,19.693586908495263
Aswan,19.1,26.002546886673485
Alexandria,15.5,17.863337979996743
Luxor,30.4,29.22614717379878
Aswan,28.6,28.677330079449803
Cairo,15.5,18.427331135507757
Cairo,17.0,16.062292457932983
Luxor,14.6,20.002671381440223
Aswan,21.3,27.409232363225726
Aswan,36.1,32.83870686588341
Alexandria,12.9,21.09799113152434
Alexandria,13.9,19.538572998848508
Minya,21.9,25.417164618180095
Aswan,30.6,30.94337854160301
Aswan,28.5,28.17437831897314
Minya,24.7,22.9438125518908
Luxor,31.6,33.88298371334042
Giza,30.1,23.580840992151252
Alexandria,22.4,18.205226598121385
Aswan,31.4,32.33603196076706
Aswan,34.3,33.94536971520273
Aswan,28.3,31.890235100200528
Cairo,34.1,27.71423473995179
Aswan,35.0,33.62009117151945
Minya,23.9,25.88035506288844
Alexandria,26.4,27.624638626588705
Alexandria,28.5,24.760913592289285
Alexandria,26.1,22.653947121479348
Giza,23.0,21.651954868344546
Luxor,25.9,29.004949274204876
Alexandria,28.0,25.98200916670396
Cairo,25.5,20.80400896261034
Luxor,35.8,33.70586358073683
Cairo,23.8,22.70650763877677
Minya,26.5,25.765346720824937
Aswan,31.7,33.897996642654846
Giza,20.6,18.774699942847917
Aswan,30.6,29.40564318522007
Luxor,26.7,29.05917095920688
Giza,29.9,28.81684111548327
Luxor,34.5,33.33759028853649
Cairo,23.6,25.216844706763254
Alexandria,28.7,29.381885622141795
Luxor,31.1,30.427285016964618
Minya,12.2,21.01355350957715
Giza,21.0,23.31368743822742
Cairo,27.7,22.524385730745053
Giza,29.9,29.333808135568518
Luxor,21.4,22.845574689941998
Minya,13.4,18.796831131128386
Aswan,34.2,35.04191588854701
Giza,30.4,25.629043206947756
Aswan,33.8,33.37244941464405
Alexandria,16.9,10.447824423381746
Minya,24.598063623789766,30.490057602871843
Cairo,14.7,19.893926634125933
Giza,30.2,28.308353662806667
Minya,27.0,28.02647785261496
Cairo,17.7,19.1701295072599
Giza,17.1,21.253881847003186
Luxor,14.8,23.522705297206983
Giza,22.9,20.85254232958357
Alexandria,28.1,26.893616742459074
Cairo,22.4,25.077624419794006
Luxor,30.9,25.2329165814333
Aswan,17.3,24.39870019659071
Giza,31.5,25.369967253783273
Luxor,28.2,26.980088185543877
Alexandria,27.6,23.65496486017929
Minya,23.1,25.04463309525994
Alexandria,11.2,10.902007030034952
Aswan,35.2,32.207180619024314
Alexandria,11.8,16.13855236726755
Cairo,19.2,20.916615666213374
Luxor,25.3,29.374934329395103
Aswan,33.2,33.75253124179579
Luxor,36.6,32.66343748751888
Aswan,36.7,33.83867034864312
Alexandria,26.9,27.658526051436354
Alexandria,16.5,16.267438233808264
Aswan,31.5,33.69286928467926
Alexandria,12.7,13.017524226349337
Alexandria,24.8,21.56846507665574
Aswan,36.2,34.249844401299924
Minya,8.5,16.08040430366009
Aswan,21.3,27.0363571700301
Minya,25.1,17.065491819410283
Luxor,26.4,28.76361167728288
Alexandria,27.1,24.42157593908769
Cairo,28.2,21.548343398188194
Alexandria,11.5,14.603159672348625
Cairo,25.2,20.72464768394343
Aswan,30.5,28.829187081841326
Luxor,18.2,21.041838590953546
Giza,26.9,27.50563415190146
Luxor,32.0,32.09501940732321
Giza,17.2,20.174706171495416
Minya,28.3,27.063296024037186
Aswan,34.6,32.86516946480492
Giza,31.0,26.15364899306053
Aswan,17.1,24.259470495239327
Luxor,33.4,31.169216722494014
Cairo,16.1,17.471181480878897
Aswan,16.3,23.754355453123992
Minya,16.9,20.10164653846408
Alexandria,29.0,25.42259488286868
Minya,21.6,23.863270310475002
Minya,30.7,28.39320537789547
Giza,13.8,15.170870841453223
Luxor,15.5,21.819764656299697
Minya,14.3,20.22035435122666
Giza,18.6,21.860299845492023
Luxor,37.0,31.732071811682545
Cairo,16.9,17.56520459780438
Cairo,26.2,25.836996122107394
Alexandria,24.0,20.75067159700444
Luxor,37.6,33.72315730515135
Minya,18.7,19.631874521996906
Cairo,28.5,24.764578514498055
Giza,21.7,12.609546233300648
Giza,16.8,16.13731299932681
Minya,31.8,29.53746662246374
Minya,19.1,19.306003570797145
Alexandria,13.9,12.838263103033967
Giza,24.598063623789766,24.99233094458367
Alexandria,19.1,15.47679530308784
Luxor,36.8,32.49149919954334
Luxor,36.5,32.04801299575104
Alexandria,15.1,21.133382070699497
Minya,20.0,20.661134550057795
Aswan,27.5,26.582074943376483
Aswan,33.8,30.737216433763706
Giza,18.5,22.806146812310487
Giza,17.6,17.83486032282002
Alexandria,20.4,22.511079419362602
Giza,30.5,30.27131478627075
Giza,28.4,28.67055685728127
Alexandria,16.0,18.4487259978838
Cairo,31.3,25.540576580511583
Cairo,25.4,23.670932919186896
Cairo,30.7,27.704524908025007
Cairo,24.8,24.473083878108525
Giza,10.9,18.284315840121735
Giza,18.7,19.052153494434037
Cairo,25.6,26.59627575094578
Luxor,37.4,31.71449468480273
Cairo,27.0,18.78282563913774
Cairo,23.8,21.967946821322982
Cairo,26.9,19.146136122862345
Giza,20.7,21.77448771426924
Minya,30.9,29.963526598050578
Alexandria,22.7,18.283469108612678
Alexandria,26.8,27.051173743955587
Luxor,30.0,26.583690138978113
Minya,30.8,31.427827192725886
Luxor,27.8,30.701547284773426
Alexandria,15.3,14.484464747973732
Luxor,20.7,25.298324060098082
Cairo,31.4,31.125466993941643
Giza,24.598063623789766,20.306766282225055
Cairo,13.9,10.290757826618233
Aswan,35.0,33.3135371760622
Minya,34.6,32.166848006140015
Cairo,31.4,26.316809032983258
Cairo,26.2,17.885580582672162
Alexandria,15.0,12.624592760194787
Alexandria,27.9,29.931981960073017
Luxor,36.4,33.12035080066602
Luxor,20.6,23.668794280270617
Minya,19.9,24.242052037719816
Luxor,20.8,23.303659983219973
Minya,24.3,26.103436364834863
Cairo,31.4,28.737484493073907
Alexandria,28.6,28.99582231561692
Cairo,22.7,24.224293694071093
Luxor,32.3,28.99768642367343
Cairo,34.9,30.99093867652465
Aswan,34.4,34.157243264788804
Luxor,24.2,28.79100112368758
Aswan,15.0,20.534307724921405
Cairo,30.0,25.379900302185263
Luxor,25.7,29.560651580844535
Giza,24.598063623789766,18.776663251154105
Minya,30.5,28.401532673287818
Aswan,18.8,22.733279265478473
Alexandria,26.4,22.72863784599957
Aswan,32.9,33.26540412572194
Alexandria,24.598063623789766,26.813536003580964
Giza,18.6,22.694095484239995
Minya,32.1,29.339360813461667
Luxor,16.1,19.45376202831733
